epoch,time,train/box_loss,train/cls_loss,train/dfl_loss,metrics/precision(B),metrics/recall(B),metrics/mAP50(B),metrics/mAP50-95(B),val/box_loss,val/cls_loss,val/dfl_loss,lr/pg0,lr/pg1,lr/pg2,lr/pg3,lr/pg4,lr/pg5,lr/pg6,lr/pg7
1,8.77279,3.56729,5.41093,0.02285,0.00021,0.02116,4e-05,1e-05,4.02506,3.78127,0.03612,0.0081,0.0027,0.0081,0.0027,0.0081,0.0027,0.0081,0.0027
2,12.1375,2.82251,5.12666,0.01647,0.00089,0.01518,0.00016,3e-05,3.73969,3.77547,0.03135,0.0164918,0.00549728,0.0164918,0.00549728,0.0164918,0.00549728,0.0164918,0.00549728
3,15.3085,2.50199,4.69958,0.01376,0.00434,0.1939,0.00618,0.00237,2.50802,3.68805,0.01762,0.0248753,0.00829178,0.0248753,0.00829178,0.0248753,0.00829178,0.0248753,0.00829178
4,18.3198,2.36184,4.22771,0.01233,0.76986,0.05288,0.04347,0.015,2.10101,3.23616,0.01361,0.0299555,0.00998515,0.0299555,0.00998515,0.0299555,0.00998515,0.0299555,0.00998515
5,21.2667,2.19528,3.83717,0.01087,0.51252,0.07284,0.05148,0.01615,2.02433,3.30198,0.01299,0.0299406,0.0099802,0.0299406,0.0099802,0.0299406,0.0099802,0.0299406,0.0099802
6,24.2032,2.10449,3.6299,0.01055,0.42355,0.14936,0.0955,0.03635,1.91899,3.21045,0.01215,0.0299258,0.00997525,0.0299258,0.00997525,0.0299258,0.00997525,0.0299258,0.00997525
7,27.1537,2.03329,3.46035,0.0106,0.445,0.1915,0.13224,0.0546,1.85638,3.10575,0.01205,0.0299109,0.0099703,0.0299109,0.0099703,0.0299109,0.0099703,0.0299109,0.0099703
8,30.0905,1.97686,3.28179,0.01001,0.48459,0.2077,0.14569,0.06342,1.79067,2.85906,0.01124,0.0298961,0.00996535,0.0298961,0.00996535,0.0298961,0.00996535,0.0298961,0.00996535
9,33.0565,1.93415,3.02286,0.00991,0.36472,0.25416,0.21002,0.09415,1.79485,2.64379,0.01115,0.0298812,0.0099604,0.0298812,0.0099604,0.0298812,0.0099604,0.0298812,0.0099604
10,36.0147,1.93252,2.76526,0.00912,0.52658,0.25628,0.23428,0.10682,1.82273,2.56238,0.0112,0.0298663,0.00995545,0.0298663,0.00995545,0.0298663,0.00995545,0.0298663,0.00995545
11,38.9477,1.90931,2.6783,0.00952,0.2558,0.30142,0.23972,0.108,1.85859,2.47388,0.01187,0.0298515,0.0099505,0.0298515,0.0099505,0.0298515,0.0099505,0.0298515,0.0099505
12,41.8837,1.88979,2.578,0.00938,0.3231,0.33994,0.30252,0.14444,1.78913,2.19748,0.01103,0.0298367,0.00994555,0.0298367,0.00994555,0.0298367,0.00994555,0.0298367,0.00994555
13,44.8623,1.84691,2.4601,0.0092,0.33412,0.35306,0.30886,0.15413,1.73189,2.14208,0.01077,0.0298218,0.0099406,0.0298218,0.0099406,0.0298218,0.0099406,0.0298218,0.0099406
14,47.7943,1.83317,2.36635,0.00902,0.3799,0.34861,0.31425,0.15689,1.79367,2.07023,0.01113,0.0298069,0.00993565,0.0298069,0.00993565,0.0298069,0.00993565,0.0298069,0.00993565
15,50.7384,1.83746,2.27487,0.00898,0.37046,0.41084,0.34606,0.1722,1.74515,2.06667,0.01112,0.0297921,0.0099307,0.0297921,0.0099307,0.0297921,0.0099307,0.0297921,0.0099307
16,53.6808,1.84006,2.21085,0.00916,0.37617,0.42617,0.35958,0.18818,1.74879,2.05929,0.01065,0.0297773,0.00992575,0.0297773,0.00992575,0.0297773,0.00992575,0.0297773,0.00992575
17,56.6013,1.82157,2.1328,0.00871,0.48829,0.40781,0.41969,0.22016,1.72875,1.92185,0.01055,0.0297624,0.0099208,0.0297624,0.0099208,0.0297624,0.0099208,0.0297624,0.0099208
18,59.5316,1.81818,2.09225,0.00899,0.42531,0.42234,0.3936,0.20586,1.74782,1.89177,0.01084,0.0297476,0.00991585,0.0297476,0.00991585,0.0297476,0.00991585,0.0297476,0.00991585
19,62.4791,1.79653,2.0257,0.00863,0.45067,0.43993,0.41499,0.21951,1.72905,1.86864,0.01052,0.0297327,0.0099109,0.0297327,0.0099109,0.0297327,0.0099109,0.0297327,0.0099109
20,65.429,1.76841,1.99273,0.00911,0.48851,0.44205,0.4398,0.23234,1.71949,1.84386,0.01037,0.0297179,0.00990595,0.0297179,0.00990595,0.0297179,0.00990595,0.0297179,0.00990595
21,68.4016,1.8118,1.89212,0.0083,0.55118,0.44978,0.45013,0.23646,1.73879,1.84583,0.01035,0.029703,0.009901,0.029703,0.009901,0.029703,0.009901,0.029703,0.009901
22,71.3438,1.74316,1.83529,0.00842,0.43829,0.51022,0.45484,0.24651,1.79937,1.86345,0.01074,0.0296881,0.00989605,0.0296881,0.00989605,0.0296881,0.00989605,0.0296881,0.00989605
23,74.3445,1.75987,1.87376,0.00871,0.52552,0.51491,0.50799,0.28329,1.71359,1.67769,0.01011,0.0296733,0.0098911,0.0296733,0.0098911,0.0296733,0.0098911,0.0296733,0.0098911
24,77.2929,1.76889,1.8362,0.00836,0.49996,0.55451,0.51445,0.28733,1.67556,1.64994,0.01013,0.0296584,0.00988615,0.0296584,0.00988615,0.0296584,0.00988615,0.0296584,0.00988615
25,80.2337,1.719,1.7565,0.00837,0.50925,0.5201,0.50261,0.27887,1.67643,1.65748,0.01001,0.0296436,0.0098812,0.0296436,0.0098812,0.0296436,0.0098812,0.0296436,0.0098812
26,83.2256,1.75511,1.7481,0.00801,0.52173,0.5122,0.50952,0.27605,1.69719,1.68509,0.01,0.0296288,0.00987625,0.0296288,0.00987625,0.0296288,0.00987625,0.0296288,0.00987625
27,86.1894,1.71915,1.68551,0.00801,0.53907,0.55939,0.54489,0.30514,1.66696,1.58198,0.00988,0.0296139,0.0098713,0.0296139,0.0098713,0.0296139,0.0098713,0.0296139,0.0098713
28,89.1376,1.7352,1.66384,0.00811,0.56825,0.48272,0.5175,0.27836,1.70711,1.76697,0.01,0.0295991,0.00986635,0.0295991,0.00986635,0.0295991,0.00986635,0.0295991,0.00986635
29,92.0835,1.72279,1.64136,0.00776,0.61542,0.49027,0.53192,0.28796,1.66135,1.61238,0.00981,0.0295842,0.0098614,0.0295842,0.0098614,0.0295842,0.0098614,0.0295842,0.0098614
30,95.0193,1.70217,1.61749,0.00791,0.58004,0.50619,0.5445,0.30946,1.65098,1.53142,0.00972,0.0295693,0.00985645,0.0295693,0.00985645,0.0295693,0.00985645,0.0295693,0.00985645
31,97.9541,1.67599,1.5848,0.00802,0.63097,0.53876,0.55915,0.31072,1.65104,1.61245,0.00964,0.0295545,0.0098515,0.0295545,0.0098515,0.0295545,0.0098515,0.0295545,0.0098515
32,100.924,1.68281,1.5641,0.00774,0.58799,0.54439,0.55032,0.30347,1.67002,1.63644,0.00986,0.0295397,0.00984655,0.0295397,0.00984655,0.0295397,0.00984655,0.0295397,0.00984655
33,103.885,1.66773,1.57646,0.00785,0.61078,0.51724,0.55395,0.29271,1.72294,1.53611,0.0102,0.0295248,0.0098416,0.0295248,0.0098416,0.0295248,0.0098416,0.0295248,0.0098416
34,106.819,1.66726,1.50505,0.00768,0.68928,0.54425,0.59351,0.31251,1.68101,1.5214,0.01008,0.02951,0.00983665,0.02951,0.00983665,0.02951,0.00983665,0.02951,0.00983665
35,109.792,1.69615,1.54619,0.0075,0.60682,0.57545,0.57881,0.31432,1.65914,1.54637,0.00996,0.0294951,0.0098317,0.0294951,0.0098317,0.0294951,0.0098317,0.0294951,0.0098317
36,112.742,1.64859,1.4623,0.00783,0.61017,0.50635,0.54994,0.292,1.69959,1.53362,0.0101,0.0294802,0.00982675,0.0294802,0.00982675,0.0294802,0.00982675,0.0294802,0.00982675
37,115.65,1.67229,1.46645,0.00767,0.5989,0.55929,0.58262,0.32197,1.66494,1.50298,0.00975,0.0294654,0.0098218,0.0294654,0.0098218,0.0294654,0.0098218,0.0294654,0.0098218
38,118.6,1.673,1.45673,0.00777,0.59615,0.61384,0.59241,0.32772,1.64103,1.42522,0.00981,0.0294505,0.00981685,0.0294505,0.00981685,0.0294505,0.00981685,0.0294505,0.00981685
39,121.54,1.65924,1.43834,0.00774,0.61329,0.58356,0.62266,0.34789,1.64475,1.39957,0.00988,0.0294357,0.0098119,0.0294357,0.0098119,0.0294357,0.0098119,0.0294357,0.0098119
40,124.493,1.67355,1.40128,0.00741,0.64343,0.59146,0.61763,0.33598,1.66976,1.48494,0.00999,0.0294208,0.00980695,0.0294208,0.00980695,0.0294208,0.00980695,0.0294208,0.00980695
41,127.432,1.65469,1.42738,0.00725,0.60184,0.57447,0.59111,0.32596,1.67382,1.45811,0.0099,0.029406,0.009802,0.029406,0.009802,0.029406,0.009802,0.029406,0.009802
42,130.44,1.65491,1.41691,0.00753,0.69041,0.55751,0.61807,0.33865,1.64924,1.37216,0.00979,0.0293912,0.00979705,0.0293912,0.00979705,0.0293912,0.00979705,0.0293912,0.00979705
43,133.391,1.65876,1.41212,0.00768,0.69696,0.53726,0.60166,0.33814,1.62147,1.43019,0.00963,0.0293763,0.0097921,0.0293763,0.0097921,0.0293763,0.0097921,0.0293763,0.0097921
44,136.323,1.60077,1.34638,0.00771,0.66268,0.59096,0.62775,0.35202,1.654,1.39043,0.00967,0.0293614,0.00978715,0.0293614,0.00978715,0.0293614,0.00978715,0.0293614,0.00978715
45,139.28,1.62474,1.34255,0.00767,0.71658,0.56567,0.6276,0.35328,1.66473,1.36781,0.00997,0.0293466,0.0097822,0.0293466,0.0097822,0.0293466,0.0097822,0.0293466,0.0097822
46,142.221,1.64668,1.35636,0.00741,0.68853,0.54514,0.59769,0.33645,1.65886,1.50581,0.00988,0.0293318,0.00977725,0.0293318,0.00977725,0.0293318,0.00977725,0.0293318,0.00977725
47,145.159,1.60893,1.33136,0.00725,0.66118,0.58303,0.62442,0.34215,1.64441,1.34454,0.0097,0.0293169,0.0097723,0.0293169,0.0097723,0.0293169,0.0097723,0.0293169,0.0097723
48,148.098,1.61754,1.31566,0.00769,0.66011,0.59543,0.62983,0.34687,1.66296,1.42459,0.00977,0.029302,0.00976735,0.029302,0.00976735,0.029302,0.00976735,0.029302,0.00976735
49,151.042,1.60693,1.30247,0.00719,0.62264,0.61965,0.63359,0.34471,1.62127,1.4449,0.00968,0.0292872,0.0097624,0.0292872,0.0097624,0.0292872,0.0097624,0.0292872,0.0097624
50,153.987,1.59416,1.31764,0.00732,0.7118,0.56561,0.64402,0.35619,1.65965,1.36692,0.00978,0.0292724,0.00975745,0.0292724,0.00975745,0.0292724,0.00975745,0.0292724,0.00975745
51,156.923,1.61039,1.28308,0.00789,0.62075,0.61438,0.63636,0.36022,1.62294,1.355,0.00954,0.0292575,0.0097525,0.0292575,0.0097525,0.0292575,0.0097525,0.0292575,0.0097525
52,159.891,1.6167,1.29915,0.0075,0.6689,0.5632,0.62375,0.35264,1.61831,1.35967,0.00953,0.0292426,0.00974755,0.0292426,0.00974755,0.0292426,0.00974755,0.0292426,0.00974755
53,162.849,1.61838,1.27623,0.00714,0.71081,0.60116,0.65128,0.36963,1.64371,1.30213,0.00971,0.0292278,0.0097426,0.0292278,0.0097426,0.0292278,0.0097426,0.0292278,0.0097426
54,165.808,1.6001,1.25759,0.007,0.71494,0.58947,0.64953,0.36186,1.62623,1.30833,0.00961,0.0292129,0.00973765,0.0292129,0.00973765,0.0292129,0.00973765,0.0292129,0.00973765
55,168.76,1.60181,1.25205,0.00722,0.7286,0.59938,0.64505,0.37004,1.63914,1.33906,0.00946,0.0291981,0.0097327,0.0291981,0.0097327,0.0291981,0.0097327,0.0291981,0.0097327
56,171.717,1.57863,1.24063,0.00725,0.73101,0.55968,0.63925,0.37051,1.60571,1.32359,0.00957,0.0291833,0.00972775,0.0291833,0.00972775,0.0291833,0.00972775,0.0291833,0.00972775
57,174.658,1.5678,1.204,0.00711,0.63174,0.61379,0.6534,0.38056,1.59458,1.27437,0.00924,0.0291684,0.0097228,0.0291684,0.0097228,0.0291684,0.0097228,0.0291684,0.0097228
58,177.644,1.61053,1.20855,0.00686,0.64579,0.6018,0.65003,0.36517,1.61841,1.3507,0.00952,0.0291536,0.00971785,0.0291536,0.00971785,0.0291536,0.00971785,0.0291536,0.00971785
59,180.59,1.582,1.19733,0.00713,0.70863,0.59489,0.65325,0.37932,1.6315,1.28912,0.00945,0.0291387,0.0097129,0.0291387,0.0097129,0.0291387,0.0097129,0.0291387,0.0097129
60,183.53,1.58012,1.18715,0.00716,0.65474,0.60654,0.62362,0.35297,1.6399,1.40188,0.00959,0.0291238,0.00970795,0.0291238,0.00970795,0.0291238,0.00970795,0.0291238,0.00970795
61,186.474,1.54448,1.16211,0.00687,0.62578,0.65495,0.65855,0.37203,1.60127,1.31442,0.00953,0.029109,0.009703,0.029109,0.009703,0.029109,0.009703,0.029109,0.009703
62,189.448,1.54022,1.17022,0.00728,0.61724,0.6083,0.63371,0.36197,1.62879,1.35874,0.00969,0.0290941,0.00969805,0.0290941,0.00969805,0.0290941,0.00969805,0.0290941,0.00969805
63,192.4,1.55687,1.19761,0.00666,0.64196,0.60928,0.63605,0.36189,1.62209,1.39257,0.00964,0.0290793,0.0096931,0.0290793,0.0096931,0.0290793,0.0096931,0.0290793,0.0096931
64,195.358,1.5555,1.14275,0.00712,0.72146,0.56557,0.65328,0.37411,1.65495,1.31173,0.00972,0.0290644,0.00968815,0.0290644,0.00968815,0.0290644,0.00968815,0.0290644,0.00968815
65,198.293,1.52593,1.1406,0.00706,0.68753,0.56749,0.63261,0.36832,1.62384,1.31709,0.00966,0.0290496,0.0096832,0.0290496,0.0096832,0.0290496,0.0096832,0.0290496,0.0096832
66,201.267,1.54381,1.13592,0.00682,0.70781,0.5881,0.64153,0.36738,1.65969,1.32149,0.00967,0.0290348,0.00967825,0.0290348,0.00967825,0.0290348,0.00967825,0.0290348,0.00967825
67,204.238,1.58175,1.15508,0.0068,0.66783,0.62451,0.63662,0.36364,1.64351,1.31566,0.00973,0.0290199,0.0096733,0.0290199,0.0096733,0.0290199,0.0096733,0.0290199,0.0096733
68,207.161,1.55983,1.13034,0.00679,0.69484,0.61071,0.6504,0.36957,1.6243,1.29857,0.00952,0.029005,0.00966835,0.029005,0.00966835,0.029005,0.00966835,0.029005,0.00966835
69,210.091,1.59254,1.19975,0.00711,0.67923,0.61552,0.64762,0.37102,1.61882,1.28268,0.00948,0.0289902,0.0096634,0.0289902,0.0096634,0.0289902,0.0096634,0.0289902,0.0096634
70,213.022,1.52345,1.1205,0.00684,0.64742,0.64266,0.66542,0.38224,1.60629,1.26056,0.00938,0.0289754,0.00965845,0.0289754,0.00965845,0.0289754,0.00965845,0.0289754,0.00965845
71,215.971,1.53635,1.11984,0.00687,0.7244,0.60668,0.6601,0.36882,1.64716,1.27043,0.00958,0.0289605,0.0096535,0.0289605,0.0096535,0.0289605,0.0096535,0.0289605,0.0096535
72,218.952,1.5321,1.1086,0.00693,0.70769,0.62382,0.65465,0.37074,1.62944,1.2903,0.00951,0.0289456,0.00964855,0.0289456,0.00964855,0.0289456,0.00964855,0.0289456,0.00964855
73,221.89,1.5467,1.11836,0.00684,0.63711,0.62237,0.64972,0.36084,1.63996,1.27346,0.0097,0.0289308,0.0096436,0.0289308,0.0096436,0.0289308,0.0096436,0.0289308,0.0096436
74,224.839,1.52915,1.10401,0.00651,0.64159,0.65609,0.67453,0.36405,1.62171,1.30615,0.00941,0.0289159,0.00963865,0.0289159,0.00963865,0.0289159,0.00963865,0.0289159,0.00963865
75,227.773,1.51197,1.07387,0.00681,0.69093,0.65514,0.67943,0.37605,1.64594,1.22524,0.00969,0.0289011,0.0096337,0.0289011,0.0096337,0.0289011,0.0096337,0.0289011,0.0096337
76,230.684,1.5337,1.085,0.00686,0.74597,0.606,0.67092,0.37219,1.66018,1.24848,0.00959,0.0288862,0.00962875,0.0288862,0.00962875,0.0288862,0.00962875,0.0288862,0.00962875
77,233.631,1.51061,1.056,0.00658,0.72241,0.62595,0.66565,0.36268,1.64601,1.31689,0.00949,0.0288714,0.0096238,0.0288714,0.0096238,0.0288714,0.0096238,0.0288714,0.0096238
78,236.562,1.50459,1.06718,0.00659,0.72995,0.64223,0.68833,0.37827,1.62758,1.25118,0.00957,0.0288565,0.00961885,0.0288565,0.00961885,0.0288565,0.00961885,0.0288565,0.00961885
79,239.519,1.47567,1.04116,0.00639,0.7572,0.63399,0.7093,0.38404,1.66066,1.28569,0.00978,0.0288417,0.0096139,0.0288417,0.0096139,0.0288417,0.0096139,0.0288417,0.0096139
80,242.462,1.51132,1.0826,0.00661,0.74276,0.66693,0.70111,0.39101,1.62668,1.26836,0.00966,0.0288269,0.00960895,0.0288269,0.00960895,0.0288269,0.00960895,0.0288269,0.00960895
81,245.433,1.47786,1.04213,0.00642,0.69964,0.658,0.69758,0.38619,1.64449,1.25241,0.00968,0.028812,0.009604,0.028812,0.009604,0.028812,0.009604,0.028812,0.009604
82,248.415,1.49892,1.02054,0.00632,0.75218,0.63822,0.69909,0.39085,1.65247,1.24211,0.00981,0.0287972,0.00959905,0.0287972,0.00959905,0.0287972,0.00959905,0.0287972,0.00959905
83,251.352,1.49532,1.0403,0.00659,0.78595,0.6098,0.69017,0.37643,1.63644,1.23224,0.00961,0.0287823,0.0095941,0.0287823,0.0095941,0.0287823,0.0095941,0.0287823,0.0095941
84,254.308,1.51427,1.01773,0.00653,0.72338,0.66468,0.70757,0.38918,1.68317,1.2621,0.00974,0.0287674,0.00958915,0.0287674,0.00958915,0.0287674,0.00958915,0.0287674,0.00958915
85,257.223,1.52217,1.04309,0.00666,0.76579,0.62372,0.70292,0.40024,1.65521,1.24026,0.00953,0.0287526,0.0095842,0.0287526,0.0095842,0.0287526,0.0095842,0.0287526,0.0095842
86,260.18,1.51258,1.02993,0.00649,0.70408,0.6546,0.68627,0.39308,1.64435,1.21153,0.00957,0.0287377,0.00957925,0.0287377,0.00957925,0.0287377,0.00957925,0.0287377,0.00957925
87,263.095,1.49117,1.0508,0.00648,0.79497,0.60113,0.69748,0.40721,1.62654,1.23372,0.00949,0.0287229,0.0095743,0.0287229,0.0095743,0.0287229,0.0095743,0.0287229,0.0095743
88,266.044,1.47868,1.01858,0.00643,0.74451,0.64367,0.70104,0.39135,1.62265,1.21709,0.00954,0.028708,0.00956935,0.028708,0.00956935,0.028708,0.00956935,0.028708,0.00956935
89,268.961,1.49909,1.02479,0.00646,0.77605,0.62413,0.68682,0.37788,1.67018,1.2952,0.00982,0.0286932,0.0095644,0.0286932,0.0095644,0.0286932,0.0095644,0.0286932,0.0095644
90,271.932,1.47557,1.01106,0.0063,0.74247,0.65917,0.70644,0.39061,1.63514,1.23634,0.00969,0.0286784,0.00955945,0.0286784,0.00955945,0.0286784,0.00955945,0.0286784,0.00955945
91,274.897,1.45938,0.97153,0.0063,0.71458,0.6709,0.7003,0.38994,1.65404,1.23475,0.00959,0.0286635,0.0095545,0.0286635,0.0095545,0.0286635,0.0095545,0.0286635,0.0095545
92,277.821,1.48942,1.05491,0.00652,0.77613,0.64265,0.69445,0.38659,1.63377,1.24136,0.00957,0.0286486,0.00954955,0.0286486,0.00954955,0.0286486,0.00954955,0.0286486,0.00954955
93,280.753,1.46747,0.9969,0.00645,0.75255,0.59559,0.68698,0.39439,1.65426,1.25292,0.00955,0.0286338,0.0095446,0.0286338,0.0095446,0.0286338,0.0095446,0.0286338,0.0095446
94,283.705,1.45334,0.97161,0.00643,0.74481,0.6454,0.69824,0.39278,1.65013,1.21668,0.0096,0.028619,0.00953965,0.028619,0.00953965,0.028619,0.00953965,0.028619,0.00953965
95,286.64,1.43918,0.98096,0.0064,0.74688,0.6375,0.69625,0.39684,1.64167,1.20078,0.00966,0.0286041,0.0095347,0.0286041,0.0095347,0.0286041,0.0095347,0.0286041,0.0095347
96,289.547,1.44474,0.97162,0.00642,0.7614,0.62571,0.68684,0.39232,1.63537,1.2615,0.00953,0.0285893,0.00952975,0.0285893,0.00952975,0.0285893,0.00952975,0.0285893,0.00952975
97,292.496,1.44538,0.96141,0.00635,0.7362,0.64794,0.69655,0.39319,1.6433,1.25599,0.00955,0.0285744,0.0095248,0.0285744,0.0095248,0.0285744,0.0095248,0.0285744,0.0095248
98,295.434,1.46666,0.96527,0.0066,0.77065,0.60144,0.67839,0.38166,1.6478,1.27464,0.00946,0.0285595,0.00951985,0.0285595,0.00951985,0.0285595,0.00951985,0.0285595,0.00951985
99,298.334,1.46558,0.96903,0.00666,0.79022,0.62829,0.69784,0.39318,1.63487,1.24176,0.00942,0.0285447,0.0095149,0.0285447,0.0095149,0.0285447,0.0095149,0.0285447,0.0095149
100,301.261,1.45441,0.98515,0.00662,0.72948,0.65824,0.69947,0.39335,1.64568,1.19878,0.00948,0.0285298,0.00950995,0.0285298,0.00950995,0.0285298,0.00950995,0.0285298,0.00950995
101,304.249,1.45034,0.96722,0.00618,0.71604,0.64462,0.68464,0.3879,1.64312,1.20294,0.00942,0.028515,0.009505,0.028515,0.009505,0.028515,0.009505,0.028515,0.009505
102,307.167,1.44883,0.97826,0.00626,0.7688,0.61651,0.69362,0.40292,1.59334,1.19573,0.00923,0.0285001,0.00950005,0.0285001,0.00950005,0.0285001,0.00950005,0.0285001,0.00950005
103,310.076,1.43959,0.94276,0.00631,0.7439,0.61844,0.70412,0.40329,1.60028,1.22071,0.00927,0.0284853,0.0094951,0.0284853,0.0094951,0.0284853,0.0094951,0.0284853,0.0094951
104,313.007,1.40545,0.94303,0.00631,0.7268,0.62115,0.6888,0.3911,1.62808,1.22225,0.00948,0.0284705,0.00949015,0.0284705,0.00949015,0.0284705,0.00949015,0.0284705,0.00949015
105,315.957,1.43168,0.97383,0.00633,0.75955,0.59859,0.68994,0.38799,1.67185,1.22567,0.00971,0.0284556,0.0094852,0.0284556,0.0094852,0.0284556,0.0094852,0.0284556,0.0094852
106,318.872,1.47468,0.97192,0.00615,0.73668,0.66736,0.70611,0.40033,1.64251,1.27239,0.00955,0.0284408,0.00948025,0.0284408,0.00948025,0.0284408,0.00948025,0.0284408,0.00948025
107,321.808,1.4887,0.96752,0.00601,0.71993,0.62165,0.67552,0.38041,1.65928,1.27081,0.00955,0.0284259,0.0094753,0.0284259,0.0094753,0.0284259,0.0094753,0.0284259,0.0094753
108,324.743,1.43435,0.96023,0.00604,0.75583,0.61407,0.66592,0.38443,1.6459,1.27697,0.00952,0.028411,0.00947035,0.028411,0.00947035,0.028411,0.00947035,0.028411,0.00947035
109,327.718,1.42084,0.91436,0.00612,0.73278,0.6299,0.68206,0.39582,1.63091,1.24297,0.0093,0.0283962,0.0094654,0.0283962,0.0094654,0.0283962,0.0094654,0.0283962,0.0094654
110,330.671,1.46051,0.96991,0.00612,0.77752,0.61852,0.67968,0.40174,1.65473,1.25637,0.00951,0.0283813,0.00946045,0.0283813,0.00946045,0.0283813,0.00946045,0.0283813,0.00946045
111,333.675,1.45202,0.93981,0.00635,0.73726,0.64378,0.68958,0.40261,1.63875,1.23649,0.00948,0.0283665,0.0094555,0.0283665,0.0094555,0.0283665,0.0094555,0.0283665,0.0094555
112,336.605,1.43555,0.94356,0.00627,0.76352,0.63217,0.70377,0.39414,1.65324,1.25397,0.0096,0.0283516,0.00945055,0.0283516,0.00945055,0.0283516,0.00945055,0.0283516,0.00945055
113,339.538,1.44213,0.93593,0.00629,0.71552,0.65388,0.68116,0.38319,1.6724,1.2657,0.00988,0.0283368,0.0094456,0.0283368,0.0094456,0.0283368,0.0094456,0.0283368,0.0094456
114,342.476,1.44352,0.91416,0.00632,0.73237,0.62263,0.65512,0.37362,1.6416,1.28796,0.00965,0.0283219,0.00944065,0.0283219,0.00944065,0.0283219,0.00944065,0.0283219,0.00944065
115,345.415,1.42839,0.92578,0.00606,0.73083,0.65788,0.69482,0.39232,1.61959,1.27548,0.0094,0.0283071,0.0094357,0.0283071,0.0094357,0.0283071,0.0094357,0.0283071,0.0094357
116,348.349,1.45359,0.93534,0.00615,0.71589,0.62886,0.65659,0.37748,1.62745,1.33092,0.0096,0.0282922,0.00943075,0.0282922,0.00943075,0.0282922,0.00943075,0.0282922,0.00943075
117,351.279,1.41142,0.90365,0.00605,0.73819,0.61516,0.68595,0.38703,1.64949,1.28455,0.00955,0.0282774,0.0094258,0.0282774,0.0094258,0.0282774,0.0094258,0.0282774,0.0094258
118,354.208,1.45812,0.9349,0.00629,0.73235,0.6253,0.68139,0.38182,1.63926,1.29766,0.00948,0.0282625,0.00942085,0.0282625,0.00942085,0.0282625,0.00942085,0.0282625,0.00942085
119,357.118,1.40779,0.91193,0.00622,0.73526,0.6099,0.67989,0.38608,1.65056,1.29284,0.00959,0.0282477,0.0094159,0.0282477,0.0094159,0.0282477,0.0094159,0.0282477,0.0094159
120,360.079,1.40756,0.8949,0.00607,0.73193,0.65178,0.69722,0.391,1.63745,1.25119,0.00971,0.0282329,0.00941095,0.0282329,0.00941095,0.0282329,0.00941095,0.0282329,0.00941095
121,363.033,1.41106,0.92545,0.00609,0.71317,0.6636,0.69991,0.39719,1.63792,1.24123,0.00953,0.028218,0.009406,0.028218,0.009406,0.028218,0.009406,0.028218,0.009406
122,365.969,1.38355,0.88671,0.00612,0.69664,0.68524,0.69052,0.39711,1.63458,1.19768,0.0095,0.0282031,0.00940105,0.0282031,0.00940105,0.0282031,0.00940105,0.0282031,0.00940105
123,368.904,1.42651,0.89462,0.00589,0.72166,0.63932,0.70075,0.39388,1.64115,1.23294,0.00958,0.0281883,0.0093961,0.0281883,0.0093961,0.0281883,0.0093961,0.0281883,0.0093961
124,371.835,1.41524,0.89658,0.00594,0.75273,0.62912,0.7148,0.40373,1.66021,1.21079,0.00979,0.0281734,0.00939115,0.0281734,0.00939115,0.0281734,0.00939115,0.0281734,0.00939115
125,374.774,1.43878,0.93505,0.00592,0.76461,0.6204,0.70289,0.40372,1.63306,1.2056,0.00935,0.0281586,0.0093862,0.0281586,0.0093862,0.0281586,0.0093862,0.0281586,0.0093862
126,377.696,1.39384,0.90841,0.00603,0.74223,0.63738,0.69361,0.39578,1.64791,1.25317,0.00953,0.0281437,0.00938125,0.0281437,0.00938125,0.0281437,0.00938125,0.0281437,0.00938125
127,380.644,1.4221,0.91517,0.0059,0.72699,0.64325,0.69698,0.39848,1.6242,1.24055,0.00949,0.0281289,0.0093763,0.0281289,0.0093763,0.0281289,0.0093763,0.0281289,0.0093763
128,383.552,1.40014,0.87707,0.00602,0.74771,0.66051,0.69467,0.39716,1.64864,1.2325,0.00953,0.0281141,0.00937135,0.0281141,0.00937135,0.0281141,0.00937135,0.0281141,0.00937135
129,386.478,1.39055,0.86691,0.00583,0.72928,0.66472,0.68616,0.40097,1.63091,1.23377,0.00951,0.0280992,0.0093664,0.0280992,0.0093664,0.0280992,0.0093664,0.0280992,0.0093664
130,389.464,1.3886,0.89498,0.00587,0.76862,0.66771,0.70792,0.40396,1.64159,1.23199,0.00942,0.0280843,0.00936145,0.0280843,0.00936145,0.0280843,0.00936145,0.0280843,0.00936145
131,392.4,1.37033,0.88491,0.00597,0.76774,0.65944,0.72469,0.41334,1.62736,1.18922,0.00956,0.0280695,0.0093565,0.0280695,0.0093565,0.0280695,0.0093565,0.0280695,0.0093565
132,395.336,1.37309,0.90224,0.00628,0.79734,0.62992,0.71532,0.40467,1.63748,1.20741,0.00944,0.0280546,0.00935155,0.0280546,0.00935155,0.0280546,0.00935155,0.0280546,0.00935155
133,398.266,1.38978,0.87879,0.00585,0.73056,0.63629,0.68562,0.3892,1.64468,1.24026,0.00958,0.0280398,0.0093466,0.0280398,0.0093466,0.0280398,0.0093466,0.0280398,0.0093466
134,401.203,1.38999,0.90211,0.00594,0.71802,0.62596,0.68953,0.39553,1.65358,1.2703,0.00962,0.0280249,0.00934165,0.0280249,0.00934165,0.0280249,0.00934165,0.0280249,0.00934165
135,404.121,1.37547,0.89324,0.00563,0.7868,0.62236,0.70512,0.41086,1.6491,1.21274,0.00964,0.0280101,0.0093367,0.0280101,0.0093367,0.0280101,0.0093367,0.0280101,0.0093367
136,407.065,1.374,0.86569,0.00564,0.73106,0.66555,0.70515,0.39534,1.65043,1.24084,0.00965,0.0279952,0.00933175,0.0279952,0.00933175,0.0279952,0.00933175,0.0279952,0.00933175
137,409.995,1.39459,0.85327,0.00595,0.76662,0.67265,0.71563,0.40386,1.64921,1.20044,0.00968,0.0279804,0.0093268,0.0279804,0.0093268,0.0279804,0.0093268,0.0279804,0.0093268
138,412.936,1.38038,0.85647,0.00591,0.72909,0.66086,0.70929,0.39851,1.6562,1.24169,0.00966,0.0279655,0.00932185,0.0279655,0.00932185,0.0279655,0.00932185,0.0279655,0.00932185
139,415.902,1.40338,0.84834,0.00568,0.74683,0.65228,0.70632,0.3958,1.63696,1.25004,0.00954,0.0279507,0.0093169,0.0279507,0.0093169,0.0279507,0.0093169,0.0279507,0.0093169
140,418.899,1.36091,0.83746,0.00573,0.73839,0.67064,0.70753,0.39277,1.64059,1.20921,0.00962,0.0279358,0.00931195,0.0279358,0.00931195,0.0279358,0.00931195,0.0279358,0.00931195
141,421.859,1.37963,0.85559,0.00579,0.80673,0.65277,0.71056,0.40041,1.62926,1.20441,0.00945,0.027921,0.009307,0.027921,0.009307,0.027921,0.009307,0.027921,0.009307
142,424.819,1.34429,0.81412,0.00587,0.7871,0.64909,0.71345,0.4072,1.61959,1.22355,0.00934,0.0279061,0.00930205,0.0279061,0.00930205,0.0279061,0.00930205,0.0279061,0.00930205
143,427.762,1.35788,0.84076,0.00575,0.77576,0.641,0.6981,0.39161,1.64316,1.25443,0.00959,0.0278913,0.0092971,0.0278913,0.0092971,0.0278913,0.0092971,0.0278913,0.0092971
144,430.69,1.34731,0.83615,0.00571,0.7452,0.65472,0.69896,0.3979,1.65108,1.20505,0.00961,0.0278765,0.00929215,0.0278765,0.00929215,0.0278765,0.00929215,0.0278765,0.00929215
145,433.641,1.3872,0.84891,0.00567,0.77774,0.66136,0.70582,0.40361,1.62417,1.19582,0.00944,0.0278616,0.0092872,0.0278616,0.0092872,0.0278616,0.0092872,0.0278616,0.0092872
146,436.576,1.37316,0.84406,0.00579,0.77077,0.65506,0.71231,0.40618,1.63071,1.22836,0.00938,0.0278467,0.00928225,0.0278467,0.00928225,0.0278467,0.00928225,0.0278467,0.00928225
147,439.476,1.36156,0.83816,0.00581,0.75216,0.68078,0.71302,0.40398,1.64287,1.1961,0.00943,0.0278319,0.0092773,0.0278319,0.0092773,0.0278319,0.0092773,0.0278319,0.0092773
148,442.421,1.36893,0.82639,0.00579,0.72758,0.69436,0.70668,0.4016,1.63093,1.20359,0.00933,0.027817,0.00927235,0.027817,0.00927235,0.027817,0.00927235,0.027817,0.00927235
149,445.412,1.37182,0.8361,0.00554,0.76493,0.65335,0.71107,0.41137,1.6598,1.21689,0.00942,0.0278022,0.0092674,0.0278022,0.0092674,0.0278022,0.0092674,0.0278022,0.0092674
150,448.335,1.34283,0.80906,0.00583,0.7776,0.66134,0.71616,0.40945,1.66157,1.18331,0.00953,0.0277873,0.00926245,0.0277873,0.00926245,0.0277873,0.00926245,0.0277873,0.00926245
151,451.243,1.31698,0.82818,0.0059,0.73054,0.67199,0.71048,0.40713,1.65619,1.18926,0.00958,0.0277725,0.0092575,0.0277725,0.0092575,0.0277725,0.0092575,0.0277725,0.0092575
152,454.182,1.35353,0.83717,0.00582,0.76626,0.65977,0.71202,0.4091,1.64889,1.20565,0.00947,0.0277576,0.00925255,0.0277576,0.00925255,0.0277576,0.00925255,0.0277576,0.00925255
153,457.17,1.33031,0.78751,0.00558,0.75621,0.64402,0.72001,0.40564,1.63506,1.23984,0.00941,0.0277428,0.0092476,0.0277428,0.0092476,0.0277428,0.0092476,0.0277428,0.0092476
154,460.104,1.33748,0.80727,0.00585,0.79022,0.63421,0.70729,0.39968,1.65131,1.19688,0.00965,0.0277279,0.00924265,0.0277279,0.00924265,0.0277279,0.00924265,0.0277279,0.00924265
155,463.048,1.34971,0.80768,0.00569,0.74179,0.67608,0.71085,0.40491,1.64841,1.24454,0.00928,0.0277131,0.0092377,0.0277131,0.0092377,0.0277131,0.0092377,0.0277131,0.0092377
156,465.995,1.34295,0.81729,0.00553,0.77191,0.66734,0.72417,0.41417,1.62615,1.19042,0.00926,0.0276982,0.00923275,0.0276982,0.00923275,0.0276982,0.00923275,0.0276982,0.00923275
157,468.95,1.36171,0.8194,0.00546,0.77763,0.67351,0.71548,0.39899,1.62185,1.2124,0.00938,0.0276834,0.0092278,0.0276834,0.0092278,0.0276834,0.0092278,0.0276834,0.0092278
158,471.895,1.33643,0.81829,0.00542,0.76134,0.63269,0.70229,0.39914,1.65966,1.254,0.00944,0.0276686,0.00922285,0.0276686,0.00922285,0.0276686,0.00922285,0.0276686,0.00922285
159,474.878,1.34484,0.81063,0.00553,0.76849,0.65814,0.69558,0.40815,1.60356,1.22794,0.0092,0.0276537,0.0092179,0.0276537,0.0092179,0.0276537,0.0092179,0.0276537,0.0092179
160,477.822,1.33179,0.82426,0.00558,0.76764,0.65264,0.70543,0.41448,1.61549,1.22577,0.00919,0.0276388,0.00921295,0.0276388,0.00921295,0.0276388,0.00921295,0.0276388,0.00921295
161,480.747,1.31953,0.81588,0.00589,0.73679,0.64144,0.68879,0.39934,1.62503,1.20612,0.00934,0.027624,0.009208,0.027624,0.009208,0.027624,0.009208,0.027624,0.009208
162,483.681,1.35947,0.82131,0.0058,0.76533,0.63565,0.69248,0.39373,1.65192,1.2641,0.00955,0.0276091,0.00920305,0.0276091,0.00920305,0.0276091,0.00920305,0.0276091,0.00920305
163,486.621,1.31784,0.79639,0.00564,0.73259,0.66061,0.69709,0.39931,1.65537,1.23079,0.00959,0.0275943,0.0091981,0.0275943,0.0091981,0.0275943,0.0091981,0.0275943,0.0091981
164,489.569,1.33904,0.78183,0.00559,0.75017,0.65696,0.69446,0.4053,1.64604,1.20461,0.0095,0.0275794,0.00919315,0.0275794,0.00919315,0.0275794,0.00919315,0.0275794,0.00919315
165,492.52,1.32506,0.78903,0.00554,0.76584,0.65975,0.71932,0.41468,1.63497,1.20024,0.0094,0.0275646,0.0091882,0.0275646,0.0091882,0.0275646,0.0091882,0.0275646,0.0091882
166,495.45,1.30466,0.81162,0.00578,0.81068,0.65274,0.71281,0.41024,1.6595,1.21308,0.00956,0.0275497,0.00918325,0.0275497,0.00918325,0.0275497,0.00918325,0.0275497,0.00918325
167,498.376,1.34425,0.79175,0.0053,0.76999,0.65648,0.71006,0.39333,1.66474,1.25912,0.00964,0.0275349,0.0091783,0.0275349,0.0091783,0.0275349,0.0091783,0.0275349,0.0091783
168,501.33,1.34759,0.77258,0.00548,0.72904,0.66663,0.70968,0.41219,1.63962,1.2485,0.00949,0.0275201,0.00917335,0.0275201,0.00917335,0.0275201,0.00917335,0.0275201,0.00917335
169,504.313,1.32889,0.80458,0.00546,0.76488,0.63849,0.70836,0.40717,1.66083,1.23857,0.00948,0.0275052,0.0091684,0.0275052,0.0091684,0.0275052,0.0091684,0.0275052,0.0091684
170,507.249,1.29087,0.78098,0.00562,0.79813,0.63525,0.71059,0.40251,1.66684,1.23892,0.0096,0.0274903,0.00916345,0.0274903,0.00916345,0.0274903,0.00916345,0.0274903,0.00916345
171,510.177,1.33607,0.81239,0.00554,0.82926,0.62154,0.71327,0.40795,1.65855,1.25417,0.00954,0.0274755,0.0091585,0.0274755,0.0091585,0.0274755,0.0091585,0.0274755,0.0091585
172,513.136,1.34814,0.81325,0.00551,0.75532,0.64047,0.7008,0.39841,1.66506,1.23865,0.00953,0.0274606,0.00915355,0.0274606,0.00915355,0.0274606,0.00915355,0.0274606,0.00915355
173,516.09,1.373,0.8401,0.00536,0.71817,0.67186,0.69246,0.40215,1.64763,1.26095,0.00948,0.0274458,0.0091486,0.0274458,0.0091486,0.0274458,0.0091486,0.0274458,0.0091486
174,519.027,1.31132,0.78763,0.00548,0.77701,0.6303,0.7084,0.4157,1.64641,1.21053,0.00947,0.0274309,0.00914365,0.0274309,0.00914365,0.0274309,0.00914365,0.0274309,0.00914365
175,521.976,1.29687,0.78247,0.00553,0.73914,0.67376,0.70423,0.40001,1.65859,1.20587,0.00968,0.0274161,0.0091387,0.0274161,0.0091387,0.0274161,0.0091387,0.0274161,0.0091387
176,524.903,1.28475,0.77767,0.00577,0.76233,0.66355,0.71087,0.40996,1.65542,1.19539,0.00954,0.0274012,0.00913375,0.0274012,0.00913375,0.0274012,0.00913375,0.0274012,0.00913375
177,527.851,1.29392,0.77142,0.00535,0.73924,0.62391,0.68787,0.40365,1.62425,1.22033,0.00924,0.0273864,0.0091288,0.0273864,0.0091288,0.0273864,0.0091288,0.0273864,0.0091288
178,530.798,1.28609,0.76173,0.00538,0.73292,0.68029,0.69392,0.40063,1.65422,1.20762,0.00938,0.0273715,0.00912385,0.0273715,0.00912385,0.0273715,0.00912385,0.0273715,0.00912385
179,533.792,1.30478,0.7829,0.00535,0.72248,0.66897,0.69773,0.40583,1.65653,1.23659,0.0094,0.0273567,0.0091189,0.0273567,0.0091189,0.0273567,0.0091189,0.0273567,0.0091189
180,536.752,1.31319,0.76844,0.00539,0.7378,0.68366,0.71261,0.41194,1.65291,1.21031,0.00936,0.0273418,0.00911395,0.0273418,0.00911395,0.0273418,0.00911395,0.0273418,0.00911395
181,539.7,1.29505,0.74679,0.00529,0.77778,0.64157,0.69488,0.4052,1.67612,1.26697,0.00963,0.027327,0.009109,0.027327,0.009109,0.027327,0.009109,0.027327,0.009109
182,542.636,1.3105,0.78118,0.0054,0.78296,0.63866,0.70392,0.40548,1.64111,1.2129,0.00948,0.0273122,0.00910405,0.0273122,0.00910405,0.0273122,0.00910405,0.0273122,0.00910405
183,545.562,1.34057,0.7987,0.00537,0.75792,0.67477,0.70261,0.40608,1.63503,1.29043,0.00943,0.0272973,0.0090991,0.0272973,0.0090991,0.0272973,0.0090991,0.0272973,0.0090991
184,548.491,1.35161,0.80633,0.00543,0.78152,0.63886,0.68731,0.39783,1.64766,1.28788,0.00933,0.0272824,0.00909415,0.0272824,0.00909415,0.0272824,0.00909415,0.0272824,0.00909415
185,551.42,1.31053,0.7692,0.00533,0.74665,0.65312,0.70293,0.40097,1.63524,1.21339,0.00936,0.0272676,0.0090892,0.0272676,0.0090892,0.0272676,0.0090892,0.0272676,0.0090892
186,554.366,1.32835,0.76859,0.00527,0.74769,0.66293,0.70784,0.40326,1.64287,1.21889,0.00947,0.0272527,0.00908425,0.0272527,0.00908425,0.0272527,0.00908425,0.0272527,0.00908425
187,557.319,1.28947,0.75541,0.00523,0.7337,0.66798,0.69028,0.39738,1.64359,1.23844,0.00942,0.0272379,0.0090793,0.0272379,0.0090793,0.0272379,0.0090793,0.0272379,0.0090793
188,560.257,1.26881,0.75074,0.00522,0.7276,0.6632,0.6899,0.39926,1.63773,1.20968,0.00939,0.027223,0.00907435,0.027223,0.00907435,0.027223,0.00907435,0.027223,0.00907435
189,563.239,1.29747,0.735,0.00514,0.7683,0.66109,0.70173,0.40617,1.64633,1.19791,0.00945,0.0272082,0.0090694,0.0272082,0.0090694,0.0272082,0.0090694,0.0272082,0.0090694
190,566.169,1.29227,0.76887,0.00548,0.74957,0.65154,0.69387,0.39974,1.64403,1.22561,0.00939,0.0271933,0.00906445,0.0271933,0.00906445,0.0271933,0.00906445,0.0271933,0.00906445
191,569.091,1.29976,0.77006,0.00536,0.74554,0.66435,0.70565,0.40567,1.62581,1.21496,0.00929,0.0271785,0.0090595,0.0271785,0.0090595,0.0271785,0.0090595,0.0271785,0.0090595
192,572.037,1.26155,0.71961,0.00519,0.77332,0.66754,0.70481,0.40507,1.63079,1.21057,0.00932,0.0271637,0.00905455,0.0271637,0.00905455,0.0271637,0.00905455,0.0271637,0.00905455
193,575.003,1.26163,0.75689,0.00539,0.7848,0.65247,0.71793,0.41285,1.62363,1.19102,0.00935,0.0271488,0.0090496,0.0271488,0.0090496,0.0271488,0.0090496,0.0271488,0.0090496
194,577.947,1.28069,0.75256,0.0052,0.79878,0.61911,0.70924,0.40522,1.63665,1.18617,0.00946,0.0271339,0.00904465,0.0271339,0.00904465,0.0271339,0.00904465,0.0271339,0.00904465
195,580.889,1.314,0.76945,0.00539,0.75907,0.64814,0.70477,0.4055,1.62471,1.20428,0.00938,0.0271191,0.0090397,0.0271191,0.0090397,0.0271191,0.0090397,0.0271191,0.0090397
196,583.838,1.27155,0.72956,0.00522,0.79671,0.6432,0.69472,0.39678,1.63892,1.24567,0.00951,0.0271042,0.00903475,0.0271042,0.00903475,0.0271042,0.00903475,0.0271042,0.00903475
197,586.794,1.31222,0.75515,0.00553,0.78501,0.65098,0.70004,0.40538,1.64661,1.21936,0.00957,0.0270894,0.0090298,0.0270894,0.0090298,0.0270894,0.0090298,0.0270894,0.0090298
198,589.769,1.27258,0.74419,0.00524,0.72539,0.66002,0.68779,0.39927,1.64928,1.23212,0.00954,0.0270745,0.00902485,0.0270745,0.00902485,0.0270745,0.00902485,0.0270745,0.00902485
199,592.717,1.29189,0.75678,0.00509,0.72377,0.66149,0.68722,0.40216,1.65872,1.21934,0.00944,0.0270597,0.0090199,0.0270597,0.0090199,0.0270597,0.0090199,0.0270597,0.0090199
200,595.66,1.31829,0.769,0.00525,0.7836,0.64587,0.69921,0.40243,1.64302,1.24265,0.00948,0.0270448,0.00901495,0.0270448,0.00901495,0.0270448,0.00901495,0.0270448,0.00901495
201,598.591,1.27529,0.76324,0.00513,0.78879,0.63732,0.7013,0.40077,1.66589,1.24846,0.00959,0.02703,0.00901,0.02703,0.00901,0.02703,0.00901,0.02703,0.00901
202,601.538,1.24308,0.72615,0.00531,0.76147,0.66943,0.71149,0.41098,1.6416,1.20469,0.00948,0.0270151,0.00900505,0.0270151,0.00900505,0.0270151,0.00900505,0.0270151,0.00900505
203,604.452,1.23328,0.73814,0.00515,0.78384,0.6585,0.71216,0.41285,1.65587,1.21201,0.00958,0.0270003,0.0090001,0.0270003,0.0090001,0.0270003,0.0090001,0.0270003,0.0090001
204,607.406,1.28792,0.7439,0.00527,0.7653,0.64643,0.70464,0.40412,1.65502,1.22644,0.00943,0.0269854,0.00899515,0.0269854,0.00899515,0.0269854,0.00899515,0.0269854,0.00899515
205,610.342,1.25853,0.72662,0.00525,0.78244,0.6518,0.71533,0.41088,1.64679,1.19489,0.00959,0.0269706,0.0089902,0.0269706,0.0089902,0.0269706,0.0089902,0.0269706,0.0089902
206,613.298,1.31246,0.74042,0.0051,0.74115,0.66411,0.71038,0.40484,1.6432,1.20444,0.00932,0.0269558,0.00898525,0.0269558,0.00898525,0.0269558,0.00898525,0.0269558,0.00898525
207,616.216,1.23192,0.71259,0.00526,0.75711,0.69922,0.7173,0.40997,1.64681,1.16455,0.00948,0.0269409,0.0089803,0.0269409,0.0089803,0.0269409,0.0089803,0.0269409,0.0089803
208,619.172,1.31552,0.75782,0.00547,0.84934,0.64004,0.73588,0.42411,1.6417,1.16673,0.00938,0.026926,0.00897535,0.026926,0.00897535,0.026926,0.00897535,0.026926,0.00897535
209,622.095,1.22828,0.71989,0.00509,0.82443,0.64366,0.71576,0.41121,1.63141,1.21309,0.00943,0.0269112,0.0089704,0.0269112,0.0089704,0.0269112,0.0089704,0.0269112,0.0089704
210,624.995,1.26439,0.73731,0.00503,0.78076,0.67141,0.7178,0.40804,1.65645,1.19477,0.00961,0.0268963,0.00896545,0.0268963,0.00896545,0.0268963,0.00896545,0.0268963,0.00896545
211,627.938,1.26858,0.75775,0.005,0.76829,0.66195,0.704,0.4151,1.64044,1.21838,0.00946,0.0268815,0.0089605,0.0268815,0.0089605,0.0268815,0.0089605,0.0268815,0.0089605
212,630.866,1.28724,0.7361,0.00522,0.75913,0.63999,0.68296,0.39179,1.67152,1.26171,0.00952,0.0268666,0.00895555,0.0268666,0.00895555,0.0268666,0.00895555,0.0268666,0.00895555
213,633.788,1.25743,0.72798,0.00543,0.77573,0.6457,0.69416,0.39241,1.65949,1.25522,0.00953,0.0268518,0.0089506,0.0268518,0.0089506,0.0268518,0.0089506,0.0268518,0.0089506
214,636.712,1.27203,0.72898,0.00501,0.77077,0.62446,0.67415,0.38648,1.67051,1.26207,0.00972,0.0268369,0.00894565,0.0268369,0.00894565,0.0268369,0.00894565,0.0268369,0.00894565
215,639.658,1.28341,0.72714,0.00508,0.7415,0.6931,0.71917,0.4139,1.63593,1.20761,0.00942,0.0268221,0.0089407,0.0268221,0.0089407,0.0268221,0.0089407,0.0268221,0.0089407
216,642.579,1.21722,0.70523,0.00518,0.77477,0.62085,0.69933,0.39734,1.64525,1.23663,0.00966,0.0268072,0.00893575,0.0268072,0.00893575,0.0268072,0.00893575,0.0268072,0.00893575
217,645.53,1.2704,0.72605,0.00515,0.75649,0.66024,0.70505,0.39711,1.66182,1.24984,0.00968,0.0267924,0.0089308,0.0267924,0.0089308,0.0267924,0.0089308,0.0267924,0.0089308
218,648.531,1.24416,0.71184,0.0051,0.78551,0.65581,0.71041,0.39718,1.65553,1.23599,0.00973,0.0267775,0.00892585,0.0267775,0.00892585,0.0267775,0.00892585,0.0267775,0.00892585
219,651.476,1.23292,0.69558,0.00518,0.73742,0.65906,0.70338,0.40386,1.66236,1.28188,0.0097,0.0267627,0.0089209,0.0267627,0.0089209,0.0267627,0.0089209,0.0267627,0.0089209
220,654.423,1.2764,0.71817,0.00525,0.73805,0.65786,0.68526,0.39168,1.6586,1.24631,0.0096,0.0267478,0.00891595,0.0267478,0.00891595,0.0267478,0.00891595,0.0267478,0.00891595
221,657.35,1.22875,0.69522,0.00501,0.70402,0.66711,0.68898,0.40038,1.6388,1.23482,0.00947,0.026733,0.008911,0.026733,0.008911,0.026733,0.008911,0.026733,0.008911
222,660.302,1.19992,0.68763,0.00513,0.75791,0.65229,0.7071,0.40221,1.66735,1.19951,0.00948,0.0267181,0.00890605,0.0267181,0.00890605,0.0267181,0.00890605,0.0267181,0.00890605
223,663.242,1.2749,0.73408,0.00509,0.7765,0.65874,0.71409,0.41025,1.65915,1.20273,0.00956,0.0267033,0.0089011,0.0267033,0.0089011,0.0267033,0.0089011,0.0267033,0.0089011
224,666.192,1.25678,0.69742,0.00517,0.76968,0.67811,0.72445,0.39552,1.67305,1.2122,0.00971,0.0266884,0.00889615,0.0266884,0.00889615,0.0266884,0.00889615,0.0266884,0.00889615
225,669.111,1.20864,0.68942,0.00504,0.80924,0.64853,0.71414,0.39874,1.67627,1.25271,0.00969,0.0266736,0.0088912,0.0266736,0.0088912,0.0266736,0.0088912,0.0266736,0.0088912
226,672.073,1.2514,0.69854,0.00515,0.78819,0.66461,0.72709,0.4133,1.68244,1.25323,0.00985,0.0266587,0.00888625,0.0266587,0.00888625,0.0266587,0.00888625,0.0266587,0.00888625
227,675.028,1.25721,0.69036,0.00522,0.7744,0.67969,0.71559,0.41483,1.65782,1.2672,0.00955,0.0266439,0.0088813,0.0266439,0.0088813,0.0266439,0.0088813,0.0266439,0.0088813
228,678.012,1.27761,0.71505,0.00496,0.76284,0.66184,0.70634,0.40465,1.67362,1.27323,0.00958,0.026629,0.00887635,0.026629,0.00887635,0.026629,0.00887635,0.026629,0.00887635
229,680.928,1.21769,0.68877,0.00501,0.7277,0.66478,0.68917,0.38428,1.69526,1.31777,0.00979,0.0266142,0.0088714,0.0266142,0.0088714,0.0266142,0.0088714,0.0266142,0.0088714
230,683.853,1.19516,0.66271,0.00492,0.76812,0.64145,0.69706,0.39712,1.68148,1.25441,0.0098,0.0265993,0.00886645,0.0265993,0.00886645,0.0265993,0.00886645,0.0265993,0.00886645
231,686.766,1.23173,0.69331,0.0051,0.74605,0.66631,0.69742,0.40038,1.69203,1.24115,0.00973,0.0265845,0.0088615,0.0265845,0.0088615,0.0265845,0.0088615,0.0265845,0.0088615
232,689.7,1.23926,0.67268,0.00516,0.77713,0.60671,0.67991,0.38768,1.67735,1.24458,0.00976,0.0265696,0.00885655,0.0265696,0.00885655,0.0265696,0.00885655,0.0265696,0.00885655
233,692.624,1.21627,0.6814,0.00497,0.74054,0.62339,0.68498,0.39411,1.64159,1.23092,0.00946,0.0265548,0.0088516,0.0265548,0.0088516,0.0265548,0.0088516,0.0265548,0.0088516
234,695.566,1.19196,0.66664,0.00506,0.76993,0.65498,0.7066,0.40299,1.63969,1.21917,0.00948,0.0265399,0.00884665,0.0265399,0.00884665,0.0265399,0.00884665,0.0265399,0.00884665
235,698.552,1.22262,0.67749,0.00482,0.71293,0.66538,0.68886,0.3978,1.65719,1.26589,0.00963,0.0265251,0.0088417,0.0265251,0.0088417,0.0265251,0.0088417,0.0265251,0.0088417
236,701.505,1.20601,0.67556,0.00487,0.73601,0.65893,0.70337,0.39893,1.67779,1.29859,0.00987,0.0265103,0.00883675,0.0265103,0.00883675,0.0265103,0.00883675,0.0265103,0.00883675
237,704.474,1.22267,0.6756,0.00499,0.74311,0.66675,0.71561,0.40687,1.66189,1.25103,0.00962,0.0264954,0.0088318,0.0264954,0.0088318,0.0264954,0.0088318,0.0264954,0.0088318
238,707.397,1.25476,0.69756,0.00526,0.80782,0.64025,0.71668,0.40353,1.65377,1.22139,0.00951,0.0264805,0.00882685,0.0264805,0.00882685,0.0264805,0.00882685,0.0264805,0.00882685
239,710.335,1.23288,0.70434,0.00509,0.78847,0.63838,0.67608,0.39997,1.63891,1.30828,0.00945,0.0264657,0.0088219,0.0264657,0.0088219,0.0264657,0.0088219,0.0264657,0.0088219
240,713.261,1.27375,0.73169,0.00527,0.83603,0.64481,0.70253,0.40538,1.6502,1.28599,0.00959,0.0264508,0.00881695,0.0264508,0.00881695,0.0264508,0.00881695,0.0264508,0.00881695
241,716.188,1.25554,0.70196,0.00486,0.77154,0.66089,0.69223,0.4,1.63886,1.25138,0.00941,0.026436,0.008812,0.026436,0.008812,0.026436,0.008812,0.026436,0.008812
242,719.115,1.2422,0.69616,0.005,0.76637,0.65934,0.69942,0.3935,1.66011,1.25095,0.00951,0.0264211,0.00880705,0.0264211,0.00880705,0.0264211,0.00880705,0.0264211,0.00880705
243,722.046,1.25247,0.69319,0.00504,0.77265,0.65113,0.70243,0.40222,1.67364,1.24592,0.00958,0.0264063,0.0088021,0.0264063,0.0088021,0.0264063,0.0088021,0.0264063,0.0088021
244,724.997,1.23712,0.68564,0.00496,0.74858,0.66217,0.71383,0.41015,1.67041,1.22189,0.00952,0.0263915,0.00879715,0.0263915,0.00879715,0.0263915,0.00879715,0.0263915,0.00879715
245,727.906,1.1998,0.67288,0.00532,0.76862,0.68045,0.70738,0.4083,1.66248,1.27137,0.00962,0.0263766,0.0087922,0.0263766,0.0087922,0.0263766,0.0087922,0.0263766,0.0087922
246,730.871,1.21132,0.67472,0.00492,0.78193,0.67474,0.72725,0.41397,1.67691,1.23212,0.00971,0.0263617,0.00878725,0.0263617,0.00878725,0.0263617,0.00878725,0.0263617,0.00878725
247,733.862,1.22597,0.69367,0.00511,0.77084,0.67039,0.72477,0.41261,1.6502,1.22109,0.00949,0.0263469,0.0087823,0.0263469,0.0087823,0.0263469,0.0087823,0.0263469,0.0087823
248,736.811,1.21394,0.6844,0.00507,0.74524,0.64838,0.7069,0.40485,1.68593,1.24675,0.00971,0.026332,0.00877735,0.026332,0.00877735,0.026332,0.00877735,0.026332,0.00877735
249,739.756,1.22057,0.67398,0.0047,0.79756,0.63472,0.69626,0.39249,1.70167,1.25982,0.00995,0.0263172,0.0087724,0.0263172,0.0087724,0.0263172,0.0087724,0.0263172,0.0087724
250,742.702,1.23353,0.68455,0.00507,0.81889,0.63118,0.70506,0.39665,1.6744,1.24561,0.00979,0.0263023,0.00876745,0.0263023,0.00876745,0.0263023,0.00876745,0.0263023,0.00876745
251,745.626,1.22527,0.67489,0.00487,0.78887,0.62834,0.69612,0.40451,1.66032,1.22938,0.00964,0.0262875,0.0087625,0.0262875,0.0087625,0.0262875,0.0087625,0.0262875,0.0087625
252,748.547,1.18016,0.6511,0.00487,0.79168,0.64942,0.72345,0.41985,1.63563,1.18248,0.00943,0.0262727,0.00875755,0.0262727,0.00875755,0.0262727,0.00875755,0.0262727,0.00875755
253,751.51,1.18992,0.66501,0.00475,0.76084,0.67763,0.7116,0.40596,1.65969,1.22266,0.00963,0.0262578,0.0087526,0.0262578,0.0087526,0.0262578,0.0087526,0.0262578,0.0087526
254,754.455,1.21548,0.6627,0.00489,0.75254,0.65221,0.69393,0.39623,1.65838,1.25452,0.00957,0.0262429,0.00874765,0.0262429,0.00874765,0.0262429,0.00874765,0.0262429,0.00874765
255,757.393,1.2354,0.68103,0.00496,0.77076,0.64101,0.69644,0.38966,1.68154,1.28267,0.00959,0.0262281,0.0087427,0.0262281,0.0087427,0.0262281,0.0087427,0.0262281,0.0087427
256,760.343,1.21932,0.69171,0.00478,0.74658,0.67434,0.69618,0.40268,1.64704,1.21924,0.00944,0.0262133,0.00873775,0.0262133,0.00873775,0.0262133,0.00873775,0.0262133,0.00873775
257,763.295,1.19234,0.64634,0.00486,0.7779,0.64225,0.68938,0.39172,1.66682,1.27966,0.0096,0.0261984,0.0087328,0.0261984,0.0087328,0.0261984,0.0087328,0.0261984,0.0087328
258,766.221,1.18718,0.65835,0.00491,0.78622,0.64449,0.70543,0.39822,1.66859,1.26031,0.00966,0.0261835,0.00872785,0.0261835,0.00872785,0.0261835,0.00872785,0.0261835,0.00872785
259,769.174,1.17822,0.65594,0.00487,0.80304,0.63735,0.69539,0.39189,1.66911,1.32551,0.00977,0.0261687,0.0087229,0.0261687,0.0087229,0.0261687,0.0087229,0.0261687,0.0087229
260,772.119,1.18425,0.64782,0.00476,0.79652,0.65547,0.70989,0.40973,1.64286,1.27312,0.00947,0.0261539,0.00871795,0.0261539,0.00871795,0.0261539,0.00871795,0.0261539,0.00871795
261,775.03,1.16652,0.646,0.00474,0.79396,0.64417,0.71593,0.40126,1.66016,1.27652,0.00943,0.026139,0.008713,0.026139,0.008713,0.026139,0.008713,0.026139,0.008713
262,777.958,1.23396,0.67971,0.00499,0.79052,0.66259,0.71575,0.407,1.65234,1.23286,0.00943,0.0261241,0.00870805,0.0261241,0.00870805,0.0261241,0.00870805,0.0261241,0.00870805
263,780.87,1.1941,0.65233,0.0047,0.77842,0.65262,0.70097,0.39758,1.6847,1.25479,0.00974,0.0261093,0.0087031,0.0261093,0.0087031,0.0261093,0.0087031,0.0261093,0.0087031
264,783.806,1.22379,0.69639,0.00497,0.79031,0.63152,0.69099,0.39174,1.67672,1.25062,0.00972,0.0260944,0.00869815,0.0260944,0.00869815,0.0260944,0.00869815,0.0260944,0.00869815
265,786.744,1.19055,0.66902,0.00502,0.75481,0.63953,0.69964,0.39705,1.65717,1.2507,0.00955,0.0260796,0.0086932,0.0260796,0.0086932,0.0260796,0.0086932,0.0260796,0.0086932
266,789.699,1.18249,0.65938,0.00492,0.78758,0.62341,0.70081,0.40502,1.67707,1.26888,0.00953,0.0260647,0.00868825,0.0260647,0.00868825,0.0260647,0.00868825,0.0260647,0.00868825
267,792.633,1.20563,0.68504,0.00503,0.78316,0.64636,0.68607,0.3948,1.68638,1.25935,0.00973,0.0260499,0.0086833,0.0260499,0.0086833,0.0260499,0.0086833,0.0260499,0.0086833
268,795.574,1.18629,0.65034,0.00497,0.76249,0.64881,0.70086,0.39942,1.671,1.27415,0.00962,0.0260351,0.00867835,0.0260351,0.00867835,0.0260351,0.00867835,0.0260351,0.00867835
269,798.511,1.19611,0.65997,0.00492,0.76478,0.64908,0.68606,0.3997,1.65703,1.31313,0.00958,0.0260202,0.0086734,0.0260202,0.0086734,0.0260202,0.0086734,0.0260202,0.0086734
270,801.441,1.16895,0.64738,0.00483,0.78701,0.63035,0.69869,0.40662,1.67557,1.21961,0.00967,0.0260053,0.00866845,0.0260053,0.00866845,0.0260053,0.00866845,0.0260053,0.00866845
271,804.385,1.20984,0.65734,0.00477,0.77149,0.63071,0.69552,0.39729,1.66829,1.25018,0.00961,0.0259905,0.0086635,0.0259905,0.0086635,0.0259905,0.0086635,0.0259905,0.0086635
272,807.323,1.22335,0.67117,0.00486,0.79844,0.62883,0.69196,0.39061,1.67415,1.28733,0.00966,0.0259756,0.00865855,0.0259756,0.00865855,0.0259756,0.00865855,0.0259756,0.00865855
273,810.252,1.18355,0.63293,0.0049,0.76781,0.63775,0.69745,0.40396,1.66666,1.27456,0.00968,0.0259608,0.0086536,0.0259608,0.0086536,0.0259608,0.0086536,0.0259608,0.0086536
274,813.173,1.18918,0.64324,0.005,0.78695,0.62138,0.68709,0.39369,1.6552,1.37131,0.00952,0.0259459,0.00864865,0.0259459,0.00864865,0.0259459,0.00864865,0.0259459,0.00864865
275,816.129,1.19627,0.66056,0.00486,0.79225,0.61808,0.67903,0.38638,1.67541,1.31677,0.00979,0.0259311,0.0086437,0.0259311,0.0086437,0.0259311,0.0086437,0.0259311,0.0086437
276,819.102,1.17409,0.63168,0.0048,0.82786,0.60548,0.70136,0.40448,1.6513,1.29065,0.00945,0.0259163,0.00863875,0.0259163,0.00863875,0.0259163,0.00863875,0.0259163,0.00863875
277,822.027,1.17263,0.65036,0.00475,0.81069,0.64794,0.71491,0.40778,1.67196,1.23407,0.00952,0.0259014,0.0086338,0.0259014,0.0086338,0.0259014,0.0086338,0.0259014,0.0086338
278,824.936,1.18363,0.65278,0.00481,0.80566,0.63296,0.71432,0.40482,1.67392,1.22389,0.00973,0.0258865,0.00862885,0.0258865,0.00862885,0.0258865,0.00862885,0.0258865,0.00862885
279,827.91,1.21128,0.65691,0.00474,0.75912,0.65931,0.70687,0.39745,1.67312,1.26386,0.00972,0.0258717,0.0086239,0.0258717,0.0086239,0.0258717,0.0086239,0.0258717,0.0086239
280,830.842,1.18071,0.63857,0.00497,0.81602,0.65366,0.72164,0.40043,1.66769,1.22874,0.00965,0.0258569,0.00861895,0.0258569,0.00861895,0.0258569,0.00861895,0.0258569,0.00861895
281,833.734,1.13211,0.6253,0.00493,0.83954,0.6251,0.70998,0.40404,1.66101,1.26082,0.00952,0.025842,0.008614,0.025842,0.008614,0.025842,0.008614,0.025842,0.008614
282,836.651,1.18164,0.65785,0.00503,0.7751,0.66295,0.70713,0.40476,1.67977,1.28757,0.00962,0.0258271,0.00860905,0.0258271,0.00860905,0.0258271,0.00860905,0.0258271,0.00860905
283,839.573,1.16016,0.62094,0.00471,0.74621,0.67297,0.71965,0.40752,1.6629,1.28348,0.00971,0.0258123,0.0086041,0.0258123,0.0086041,0.0258123,0.0086041,0.0258123,0.0086041
284,842.519,1.17125,0.63681,0.00472,0.80298,0.61821,0.69818,0.39824,1.65009,1.27785,0.00955,0.0257975,0.00859915,0.0257975,0.00859915,0.0257975,0.00859915,0.0257975,0.00859915
285,845.463,1.17751,0.65269,0.0048,0.80364,0.65846,0.72646,0.41349,1.65318,1.22816,0.00948,0.0257826,0.0085942,0.0257826,0.0085942,0.0257826,0.0085942,0.0257826,0.0085942
286,848.454,1.17108,0.64077,0.00446,0.82215,0.62906,0.71011,0.41495,1.65507,1.24751,0.0095,0.0257677,0.00858925,0.0257677,0.00858925,0.0257677,0.00858925,0.0257677,0.00858925
287,851.382,1.15484,0.64279,0.0048,0.74818,0.65589,0.69056,0.39803,1.65757,1.28832,0.00954,0.0257529,0.0085843,0.0257529,0.0085843,0.0257529,0.0085843,0.0257529,0.0085843
288,854.294,1.17378,0.64793,0.00488,0.77253,0.61738,0.68264,0.39589,1.65703,1.3053,0.00952,0.025738,0.00857935,0.025738,0.00857935,0.025738,0.00857935,0.025738,0.00857935
289,857.204,1.18116,0.64965,0.0049,0.77005,0.63643,0.68685,0.39433,1.67666,1.28469,0.00962,0.0257232,0.0085744,0.0257232,0.0085744,0.0257232,0.0085744,0.0257232,0.0085744
290,860.125,1.18748,0.65145,0.00472,0.79511,0.64743,0.71094,0.39631,1.68489,1.31036,0.00971,0.0257084,0.00856945,0.0257084,0.00856945,0.0257084,0.00856945,0.0257084,0.00856945
291,863.075,1.14726,0.61634,0.0048,0.79044,0.65749,0.7113,0.41276,1.65972,1.26937,0.00957,0.0256935,0.0085645,0.0256935,0.0085645,0.0256935,0.0085645,0.0256935,0.0085645
292,866.003,1.15991,0.62798,0.00503,0.77484,0.66875,0.69751,0.40218,1.65645,1.26976,0.00951,0.0256787,0.00855955,0.0256787,0.00855955,0.0256787,0.00855955,0.0256787,0.00855955
293,868.935,1.16995,0.63811,0.00464,0.78541,0.65953,0.69865,0.39605,1.65296,1.29109,0.00964,0.0256638,0.0085546,0.0256638,0.0085546,0.0256638,0.0085546,0.0256638,0.0085546
294,871.872,1.18862,0.66798,0.00466,0.77721,0.66686,0.70878,0.40403,1.65348,1.26841,0.00957,0.025649,0.00854965,0.025649,0.00854965,0.025649,0.00854965,0.025649,0.00854965
295,874.846,1.18403,0.64409,0.00478,0.78201,0.61475,0.69595,0.40661,1.64889,1.31018,0.00967,0.0256341,0.0085447,0.0256341,0.0085447,0.0256341,0.0085447,0.0256341,0.0085447
296,877.796,1.18001,0.64507,0.00453,0.77884,0.66305,0.70909,0.41149,1.66772,1.25992,0.0097,0.0256192,0.00853975,0.0256192,0.00853975,0.0256192,0.00853975,0.0256192,0.00853975
297,880.754,1.14193,0.6064,0.00459,0.74239,0.67089,0.71182,0.40198,1.66429,1.31191,0.0096,0.0256044,0.0085348,0.0256044,0.0085348,0.0256044,0.0085348,0.0256044,0.0085348
298,883.692,1.17186,0.616,0.00492,0.75051,0.65603,0.71154,0.40415,1.65754,1.29265,0.00955,0.0255895,0.00852985,0.0255895,0.00852985,0.0255895,0.00852985,0.0255895,0.00852985
299,886.606,1.1663,0.62988,0.00497,0.75295,0.64069,0.70201,0.40068,1.6848,1.30428,0.00972,0.0255747,0.0085249,0.0255747,0.0085249,0.0255747,0.0085249,0.0255747,0.0085249
300,889.51,1.14687,0.6203,0.0047,0.74239,0.64907,0.68057,0.39479,1.68221,1.31827,0.0097,0.0255599,0.00851995,0.0255599,0.00851995,0.0255599,0.00851995,0.0255599,0.00851995
301,892.465,1.15052,0.62646,0.0046,0.77978,0.63839,0.68532,0.4027,1.67086,1.30189,0.00947,0.025545,0.008515,0.025545,0.008515,0.025545,0.008515,0.025545,0.008515
302,895.406,1.14749,0.62879,0.00478,0.79211,0.6387,0.70485,0.40709,1.66301,1.26978,0.00958,0.0255301,0.00851005,0.0255301,0.00851005,0.0255301,0.00851005,0.0255301,0.00851005
303,898.354,1.17555,0.63229,0.00463,0.77112,0.64457,0.69661,0.398,1.65886,1.28318,0.00956,0.0255153,0.0085051,0.0255153,0.0085051,0.0255153,0.0085051,0.0255153,0.0085051
304,901.296,1.16884,0.64141,0.00467,0.76466,0.67789,0.70654,0.40693,1.65876,1.26402,0.00956,0.0255005,0.00850015,0.0255005,0.00850015,0.0255005,0.00850015,0.0255005,0.00850015
305,904.304,1.16444,0.62927,0.00453,0.77683,0.66983,0.7044,0.41031,1.66502,1.25812,0.00959,0.0254856,0.0084952,0.0254856,0.0084952,0.0254856,0.0084952,0.0254856,0.0084952
306,907.208,1.15255,0.6455,0.00488,0.78952,0.67926,0.7186,0.41736,1.66587,1.24217,0.00954,0.0254708,0.00849025,0.0254708,0.00849025,0.0254708,0.00849025,0.0254708,0.00849025
307,910.148,1.17656,0.66132,0.00469,0.76056,0.68745,0.71994,0.41421,1.66155,1.24607,0.0096,0.0254559,0.0084853,0.0254559,0.0084853,0.0254559,0.0084853,0.0254559,0.0084853
308,913.065,1.15267,0.61238,0.00455,0.77683,0.67145,0.71975,0.40674,1.67516,1.23748,0.00967,0.025441,0.00848035,0.025441,0.00848035,0.025441,0.00848035,0.025441,0.00848035
